Workbook

Sheet Registo_Feiras
A1: PROJECTO FAZER PROSPERAR — FICHA DE MONITORIA: FEIRA COMUNITÁRIA E NETWORKING
A2: Uma linha por produto por participante · Preencher no dia da feira · Fonte: indicadores A4-01 · OUT1-01 · OUT3-01
A3: Nº | B3: Data da Feira | C3: Distrito | D3: Local da Feira | E3: Responsável (Facilitador/a) | F3: ID Participante | G3: Nome do/a Participante | H3: Sexo | I3: Comunidade / Localidade | J3: Categoria do Produto | K3: Produto (descrição) | L3: Qtd. Inicial (Kg / Un.) | M3: Qtd. Vendida (Kg / Un.) | N3: Qtd. Não Vendida [auto] | O3: % Vendido [auto] | P3: Preço / Un. (MZN) | Q3: Valor Total Vendido (MZN) [auto] | R3: Estabeleceu novos contactos / ligações de mercado? (OUT3-01) | S3: Evidência de aplicação de habilidades no negócio? (OUT1-01) | T3: Observações / Descrição das novas oportunidades
A4: 1 | B4: 30/06/2026 | C4: Nacala-a-Porto | D4: Praça da independencia | E4: Belo Simao Tiago | F4: PRJ_0015 | G4: Maria Adamo | H4: Feminino | I4: Murrupelane | J4: Alim. não perecível (revenda) | K4: Cana de acucar | L4: 15 | M4: 10 | N4: 5 | O4: 0.67 | P4: 10 | Q4: =M4*P4 -> 100 | R4: Sim | S4: Sim — negócio em funcionamento
A5: 2 | B5: 30/06/2026 | C5: Nacala-a-Porto | D5: Praça da independencia | E5: Belo Simao Tiago | F5: PRJ_0030 | G5: Neusa Gregorio Muireque | H5: Feminino | I5: Mocone | J5: Alim. perecível (revenda) | K5: Laranja | L5: 28 | M5: 10 | N5: 18 | O5: 0.36 | P5: 5 | Q5: =M5*P5 -> 50 | R5: Sim | S5: Sim — negócio em funcionamento
A6: 3 | B6: 30/06/2026 | C6: Nacala-a-Porto | D6: Praça da independencia | E6: Belo Simao Tiago | F6: PRJ_0030 | G6: Neusa Gregorio | H6: Feminino | I6: Mocone | J6: Alim. perecível (revenda) | K6: Banana | L6: 16 | M6: 10 | N6: 6 | O6: 0.63 | P6: 5 | Q6: =M6*P6 -> 50 | R6: Sim | S6: Sim — negócio em funcionamento
A7: 4 | B7: 30/06/2026 | C7: Nacala-a-Porto | D7: Praça da independencia | E7: Belo Simao Tiago | F7: PRJ_0177 | G7: Rassul Bacar Firmino | H7: Masculino | I7: Murrupelane | J7: Vestuário | K7: Saias de capulana | L7: 4 | M7: 1 | N7: 3 | O7: 0.25 | P7: 50 | Q7: =M7*P7 -> 50 | R7: Sim | S7: Sim — novo produto/serviço
A8: 5 | B8: 30/06/2026 | C8: Nacala-a-Porto | D8: Praça da independencia | E8: Belo Simao Tiago | F8: PRJ_0270 | G8: Alfredo Pedro Vantilia | H8: Masculino | I8: Murrupelane | J8: Higiene e limpeza | K8: Omo | L8: 42 | M8: 7 | N8: 35 | O8: 0.17 | P8: 5 | Q8: =M8*P8 -> 35 | R8: Sim | S8: Sim — negócio em funcionamento
A9: 6 | B9: 30/06/2026 | C9: Nacala-a-Porto | D9: Praça da independencia | E9: Belo Simao Tiago | F9: PRJ_0270 | G9: Alfredo Pedro Vantilia | H9: Masculino | I9: Murrupelane | J9: Outro | K9: Gelinho | L9: 100 | M9: 10 | N9: 90 | O9: 0.1 | P9: 1 | Q9: =M9*P9 -> 10 | R9: Sim | S9: Sim — novo produto/serviço
A10: 7 | B10: 30/06/2026 | C10: Nacala-a-Porto | D10: Praça da independencia | E10: Belo Simao Tiago | F10: PRJ_0270 | G10: Alfredo Pedro Vantilia | H10: Masculino | I10: Murrupelane | J10: Outro | K10: Fralda descartavel | L10: 10 | M10: 2 | N10: 8 | O10: 0.2 | P10: 10 | Q10: =M10*P10 -> 20 | R10: Sim | S10: Sim — negócio em funcionamento
A11: 8 | B11: 30/06/2026 | C11: Nacala-a-Porto | D11: Praça da independencia | E11: Belo Simao Tiago | F11: PRJ_0322 | G11: Salima Rafael Armando Joao | H11: Feminino | I11: Murrupelane | J11: Alim. confeccionado/preparado | K11: Bolinhos | L11: 200 | M11: 10 | N11: 190 | O11: 0.05 | P11: 5 | Q11: =M11*P11 -> 50 | R11: Sim | S11: Sim — negócio em funcionamento
A12: 9 | B12: 30/06/2026 | C12: Nacala-a-Porto | D12: Praça da independencia | E12: Belo Simao Tiago | F12: PRJ_0322 | G12: Salima Rafael Armando Joao | H12: Feminino | I12: Murrupelane | J12: Alim. confeccionado/preparado | K12: Maheu | L12: 3 | M12: 3 | N12: 0 | O12: 1 | P12: 10 | Q12: =M12*P12 -> 30 | R12: Sim | S12: Sim — negócio em funcionamento
A13: 10 | B13: 30/06/2026 | C13: Nacala-a-Porto | D13: Praça da independencia | E13: Belo Simao Tiago | F13: PRJ_0025 | G13: Amelia Afonso Momade | H13: Feminino | I13: Mocone | J13: Alim. não perecível (revenda) | K13: Massa esparguete | L13: 12 | M13: 3 | N13: 9 | O13: 0.25 | P13: 25 | Q13: =M13*P13 -> 75 | R13: Sim | S13: Sim — negócio em funcionamento
A14: 11 | B14: 30/06/2026 | C14: Nacala-a-Porto | D14: Praça da independencia | E14: Belo Simao Tiago | F14: PRJ_0025 | G14: Amelia Afonso Momade | H14: Feminino | I14: Mocone | J14: Alim. não perecível (revenda) | K14: Nick nack | L14: 50 | M14: 5 | N14: 45 | O14: 0.1 | P14: 5 | Q14: =M14*P14 -> 25 | R14: Sim | S14: Sim — negócio em funcionamento
A15: 12 | B15: 30/06/2026 | C15: Nacala-a-Porto | D15: Praça da independencia | E15: Belo Simao Tiago | F15: PRJ_0025 | G15: Amelia Afonso Momade | H15: Feminino | I15: Mocone | J15: Alim. não perecível (revenda) | K15: Doces | L15: 30 | M15: 5 | N15: 25 | O15: 0.17 | P15: 5 | Q15: =M15*P15 -> 25 | R15: Sim | S15: Sim — negócio em funcionamento
A16: 13 | B16: 30/06/2026 | C16: Nacala-a-Porto | D16: Praça da independencia | E16: Belo Simao Tiago | F16: PRJ_0025 | G16: Amelia Afonso Momade | H16: Feminino | I16: Mocone | J16: Alim. não perecível (revenda) | K16: Caldo | L16: 30 | M16: 2 | N16: 28 | O16: 0.07 | P16: 6 | Q16: =M16*P16 -> 12 | R16: Sim | S16: Sim — negócio em funcionamento
A17: 1 | B17: 30/06/2026 | C17: Nacala-a-Porto | D17: Praça dos Heróis | E17: Magrofate Justino | F17: PRJ_0053 | G17: Fatima Henriques Mascate | H17: Feminino | I17: Mathápue | J17: Alim. perecível (revenda) | K17: Banana madura | L17: 20 | M17: 17 | N17: 3 | O17: 0.85 | P17: 5 | Q17: =M17*P17 -> 85 | R17: Sim | S17: Sim — novo produto/serviço | T17: Era a sua primeira vez a vender só tinha como ideias do seu plano de Negócios como adicional.
A18: 2 | B18: 30/06/2026 | C18: Nacala-a-Porto | D18: Praça dos Heróis | E18: Magrofate Justino | F18: PRJ_0053 | G18: Fatima Henriques Mascate | H18: Feminino | I18: Mathápue | J18: Alim. perecível (revenda) | K18: Laranjas | L18: 21 | M18: 14 | N18: 7 | O18: 0.67 | P18: 5 | Q18: =M18*P18 -> 70 | R18: Sim | S18: Sim — novo produto/serviço | T18: Igualmente era sua primeira experiência a vender mas tinha como ideia adicional .
A19: 3 | B19: 30/06/2026 | C19: Nacala-a-Porto | D19: Praça dos Heróis | E19: Magrofate Justino | F19: PRJ_0053 | G19: Fatima Henriques Mascate | H19: Feminino | I19: Mathápue | J19: Outro | K19: Carteira móvel (e-mola) | L19: 2 | M19: 11 | N19: -9 | O19: 5.5 | P19: 50 | Q19: =M19*P19 -> 550 | R19: Sim | S19: Sim — negócio em funcionamento | T19: Era o negocio que fazia desde o início sas mentorias.
A20: 4 | B20: 30/06/2026 | C20: Nacala-a-Porto | D20: Praça dos Heróis | E20: Magrofate Justino | F20: PRJ_220 | G20: Paulo Guilherme | H20: Masculino | I20: Mocone | J20: Alim. não perecível (revenda) | K20: Bolachas | L20: 23 | M20: 2 | N20: 21 | O20: 0.09 | P20: 10 | Q20: =M20*P20 -> 20 | R20: Sim | S20: Sim — negócio em funcionamento | T20: Vendeu e idententicou nova loja fornecedora e a preços acessicel
A21: 5 | B21: 30/06/2026 | C21: Nacala-a-Porto | D21: Praça dos Heróis | E21: Magrofate Justino | F21: PRJ_0220 | G21: Paulo Guilherme | H21: Masculino | I21: Mocone | J21: Alim. não perecível (revenda) | K21: caldos | L21: 44 | M21: 6 | N21: 38 | O21: 0.14 | P21: 6 | Q21: =M21*P21 -> 36 | R21: Sim | S21: Sim — negócio em funcionamento | T21: troca de contactos entre colegas que expunha.
A22: 6 | B22: 30/06/2026 | C22: Nacala-a-Porto | D22: Praça dos Heróis | E22: Magrofate Justino | F22: PRJ_0220 | G22: Paulo Guilherme | H22: Masculino | I22: Mocone | J22: Alim. não perecível (revenda) | K22: doces | L22: 104 | M22: 15 | N22: 89 | O22: 0.14 | P22: 1 | Q22: =M22*P22 -> 15 | R22: Sim | S22: Sim — negócio em funcionamento | T22: vendeu mas sai mais em casa, disse.
A23: 7 | B23: 30/06/2026 | C23: Nacala-a-Porto | D23: Praça dos Heróis | E23: Magrofate Justino | F23: PRJ_0220 | G23: Paulo Guilherme | H23: Masculino | I23: Mocone | J23: Higiene e limpeza | K23: Fraldas (descartaveis) | L23: 10 | M23: 0 | N23: 10 | O23: 0 | P23: 5 | Q23: =M23*P23 -> 0 | R23: Não | S23: Não | T23: Nao chegou de vender sequer algum.
A24: 8 | B24: 30/06/2026 | C24: Nacala-a-Porto | D24: Praça dos Heróis | E24: Magrofate Justino | F24: PRJ_0061 | G24: Anchita Abdala | H24: Feminino | I24: Mocone | J24: Alim. perecível (revenda) | K24: Laranjas | L24: 30 | M24: 12 | N24: 18 | O24: 0.4 | P24: 5 | Q24: =M24*P24 -> 60 | R24: Sim | S24: Sim — negócio em funcionamento | T24: Em progresso
A25: 9 | B25: 30/06/2026 | C25: Nacala-a-Porto | D25: Praça dos Heróis | E25: Magrofate Justino | F25: PRJ_0061 | G25: Anchita Abdala | H25: Feminino | I25: Mocone | J25: Alim. perecível (revenda) | K25: Bananas | L25: 36 | M25: 17 | N25: 19 | O25: 0.47 | P25: 5 | Q25: =M25*P25 -> 85 | R25: Sim | S25: Sim — negócio em funcionamento | T25: Em progresso
A26: 10 | B26: 30/06/2026 | C26: Nacala-a-Porto | D26: Praça dos Heróis | E26: Magrofate Justino | F26: PRJ_0061 | G26: Anchita Abdala | H26: Feminino | I26: Mocone | J26: Alim. perecível (revenda) | K26: Tangerinas | L26: 20 | M26: 18 | N26: 2 | O26: 0.9 | P26: 5 | Q26: =M26*P26 -> 90 | R26: Sim | S26: Sim — negócio em funcionamento
A27: 1 | B27: 30/06/2026 | C27: Nacala-a-Porto | D27: Praça dos heróis | E27: Vanil Horácio | F27: PRJ_0236 | G27: Jordania Jorge João | H27: Feminino | I27: Triângulo | J27: Alimentício | K27: Arroz e feijão cuzido | L27: 9 | M27: 9 | N27: 0 | O27: 1 | P27: 50 | Q27: =M27*P27 -> 450 | R27: Sim | S27: Sim — negócio em funcionamento | T27: A participante conseguiu adquirir certas informações referentes a tratamento de NUIT a mesma pretende usar para abrir uma conta bancaria para quansar seu dinheiro.
A28: 2 | B28: 30/06/2026 | C28: Nacala-a-Porto | D28: Praça dos herois | E28: Vanil Horácio | F28: PRJ_0236 | G28: Jordania Jorge João | H28: Feminino | I28: Triângulo | J28: Alimentício | K28: Arroz feição e frango | L28: 3 | M28: 3 | N28: 0 | O28: 1 | P28: 90 | Q28: =M28*P28 -> 270 | R28: sim | S28: Sim — negócio em funcionamento
A29: 3 | B29: 30/06/2026 | C29: Nacala-a-Porto | D29: Praça dos heróis | E29: Vanil Horácio | F29: PRJ_0191 | G29: Mique Abdala | H29: Masculino | I29: Triângulo | J29: Calçados | K29: Sapatos | L29: 3 | M29: 1 | N29: 2 | O29: 0.33 | P29: 350 | Q29: =M29*P29 -> 350 | R29: Sim | S29: Sim — negócio em funcionamento | T29: O participante teve uma atenção especial do administrador do distrito referente ao negócio que ele esta a fazer, foi questionado sobre o loxal de levantamento dos seus produtos, e ele respodeu que faz o levantamento anivel da urbe da cidade, o administrador sugerio ao participantes para comcorer ao FDEL.
A30: 4 | B30: 30/06/2026 | C30: Nacala-a-Porto | D30: Praça dos heróis | E30: Vanil Horácio | F30: PRJ_0191 | G30: Mique Abdala | H30: Masculino | I30: Triângulo | J30: Vestuário | K30: Camisa | L30: 6 | M30: 1 | N30: 5 | O30: 0.17 | P30: 150 | Q30: =M30*P30 -> 150 | R30: Sim | S30: Sim — negócio em funcionamento
A31: 5 | B31: 30/06/2026 | C31: Nacala-a-Porto | D31: Praça dos heróis | E31: Vanil Horácio | F31: PRJ_0106 | G31: Fina Sualehe | H31: Feminino | I31: Triângulo | J31: Alimentício | K31: feijão | L31: 10 | M31: 3 | N31: 0 | O31: 0.3 | P31: 65 | Q31: =M31*P31 -> 195 | R31: Não | S31: Sim — negócio em funcionamento
A32: 6 | B32: 30/06/2026 | C32: Nacala-a-Porto | D32: Praça dos heróis | E32: Vanil Horácio | F32: PRJ_0154 | G32: Amade Trage Ibraimo | H32: Masculino | I32: Triângulo | J32: Alimentício | K32: Doces de coco e açúcar | L32: 200 | M32: 47 | N32: 153 | O32: 0.24 | P32: 5 | Q32: =M32*P32 -> 235 | R32: Sim | S32: Sim — negócio em funcionamento | T32: O participante conseguio tratar o seu NUIT, conseguio registar um novo cartão com o seu próprio nome para abrir uma conta movel, antigamente ele usava cartão do seu tio.
A33: 1 | B33: 30/06/2026 | C33: Nacala-a-Porto | D33: Praça dos heróis | E33: Nuchate Chico Estevão | F33: PRJ_0333 | G33: Celestina José | H33: Feminino | I33: Naherenque | J33: Alim. confeccionado/preparado | K33: Feijão Fava | L33: 36 | M33: 21 | N33: 4 | O33: =IFERROR(M33/L33,"") -> 0.58333333 | P33: 5 | Q33: =M33*P33 -> 105 | R33: Não | T33: A PARTICIPANTE CONSEGUIU REGISTAR A SI E SEU FILHO
A34: 2 | B34: 30/06/2026 | C34: Nacala-a-Porto | D34: Praça dos heróis | E34: Nuchate Chico Estevão | F34: PRJ_0307 | G34: Juma Amisse | H34: Masculino | I34: Naherenque | J34: Alim. não perecível (revenda) | K34: Amendoim seco | L34: 30 | M34: 8 | N34: =IFERROR(L34-M34,"") -> 22 | O34: =IFERROR(M34/L34,"") -> 0.26666667 | P34: 20 | Q34: =M34*P34 -> 160 | R34: Não
A35: 3 | B35: 30/06/2026 | C35: Nacala-a-Porto | D35: Praça dos heróis | E35: Nuchate Chico Estevão | F35: PRJ_0076 | G35: Rabia Almasse | H35: Feminino | I35: Naherenque | J35: Alim. perecível (revenda) | K35: Banana | L35: 40 | M35: 17 | N35: =IFERROR(L35-M35,"") -> 23 | O35: =IFERROR(M35/L35,"") -> 0.425 | P35: 5 | Q35: =M35*P35 -> 85 | R35: Não
A36: 4 | B36: 30/06/2026 | C36: Nacala-a-Porto | D36: Praça dos heróis | E36: Nuchate Chico Estevão | F36: PRJ_0076 | G36: Rabia Almasse | H36: Feminino | I36: Naherenque | J36: Alim. perecível (revenda) | K36: Laranja | L36: 10 | M36: 4 | N36: =IFERROR(L36-M36,"") -> 6 | O36: =IFERROR(M36/L36,"") -> 0.4 | P36: 5 | Q36: =M36*P36 -> 20 | R36: Não
A37: 5 | B37: 30/06/2026 | C37: Nacala-a-Porto | D37: Praça dos heróis | E37: Nuchate Chico Estevão | F37: PRJ_0336 | G37: Fenísia Júlia Júlio | H37: Feminino | I37: Ontupaia | J37: Alim. confeccionado/preparado | K37: Bolinhos fritos | L37: 30 | M37: 17 | N37: =IFERROR(L37-M37,"") -> 13 | O37: =IFERROR(M37/L37,"") -> 0.56666667 | P37: 5 | Q37: =M37*P37 -> 85 | R37: Não
A38: 6 | B38: 30/06/2026 | C38: Nacala-a-Porto | D38: Praça dos heróis | E38: Nuchate Chico Estevão | F38: PRJ_0280 | G38: Momade Saide | H38: Masculino | I38: Ontupaia | J38: Vestuário | K38: Vestidos para criança | L38: 3 | M38: 1 | N38: =IFERROR(L38-M38,"") -> 2 | O38: =IFERROR(M38/L38,"") -> 0.33333333 | P38: 70 | Q38: =M38*P38 -> 70 | R38: Não
A39: 7 | B39: 30/06/2026 | C39: Nacala-a-Porto | D39: Praça dos heróis | E39: Nuchate Chico Estevão | F39: PRJ_0280 | G39: Momade Saide | H39: Masculino | I39: Ontupaia | J39: Vestuário | K39: Vestidos para adulto | L39: 5 | M39: 2 | N39: =IFERROR(L39-M39,"") -> 3 | O39: =IFERROR(M39/L39,"") -> 0.4 | P39: 100 | Q39: =M39*P39 -> 200 | R39: Não
A40: 8 | B40: 30/06/2026 | C40: Nacala-a-Porto | D40: Praça dos heróis | E40: Nuchate Chico Estevão | F40: PRJ_0280 | G40: Momade Saide | H40: Masculino | I40: Ontupaia | J40: Vestuário | K40: Saia para criança | L40: 1 | M40: 0 | N40: =IFERROR(L40-M40,"") -> 1 | O40: =IFERROR(M40/L40,"") -> 0 | P40: 50 | Q40: =M40*P40 -> 0 | R40: Não
A41: 9 | B41: 30/06/2026 | C41: Nacala-a-Porto | D41: Praça dos heróis | E41: Nuchate Chico Estevão | F41: PRJ_0044 | G41: Laura Paulo | H41: Feminino | I41: Ontupaia | J41: Alim. confeccionado/preparado | K41: Xima com peixe refogado | L41: 15 | M41: 8 | N41: =IFERROR(L41-M41,"") -> 7 | O41: =IFERROR(M41/L41,"") -> 0.53333333 | P41: 50 | Q41: =M41*P41 -> 400 | R41: Não
A42: 10 | B42: 30/06/2026 | C42: Nacala-a-Porto | D42: Praça dos heróis | E42: Nuchate Chico Estevão | F42: PRJ_0058 | G42: Sônia Paulo | H42: Feminino | I42: Ontupaia | J42: Alim. confeccionado/preparado | K42: Badjias | L42: 40 | M42: 19 | N42: =IFERROR(L42-M42,"") -> 21 | O42: =IFERROR(M42/L42,"") -> 0.475 | P42: 5 | Q42: =M42*P42 -> 95 | R42: Não
A43: 1 | B43: 30/06/2026 | C43: Nacala-a-Porto | D43: Praca Municipal | E43: Tairaha Domingos | F43: PRJ_0001 | G43: Olga Eduardo | H43: Feminino | I43: Mathapue1 | J43: Outro | K43: Mecha | L43: 8 | M43: 0 | N43: =IFERROR(L43-M43,"") -> 8 | O43: =IFERROR(M43/L43,"") -> 0 | P43: 150 | Q43: =M43*P43 -> 0 | R43: Sim | S43: Sim — negócio em funcionamento | T43: Tinha estoque visivel, produtos bem organizados e boa comunicacao com os clientes.
A44: 2 | B44: 30/06/2026 | C44: Nacala-a-Porto | D44: Praca Municipal | E44: Tairaha Domingos | F44: PRJ_0001 | G44: Olga Eduardo | H44: Feminino | I44: Mathapue1 | J44: Outro | K44: Mecha | L44: 5 | M44: 0 | N44: =IFERROR(L44-M44,"") -> 5 | O44: =IFERROR(M44/L44,"") -> 0 | P44: 250 | Q44: =M44*P44 -> 0 | R44: Sim | S44: Sim — negócio em funcionamento
A45: 3 | B45: 30/06/2026 | C45: Nacala-a-Porto | D45: Praca municipal | E45: Tairaha Domingos | F45: PRJ_0053 | G45: Fatima Henriques | H45: Feminino | I45: Mathapue1 | J45: Alim. perecível (revenda) | K45: Banana | L45: 20 | M45: 20 | N45: =IFERROR(L45-M45,"") -> 0 | O45: =IFERROR(M45/L45,"") -> 1 | P45: 5 | Q45: =M45*P45 -> 100 | R45: Não | S45: Sim — negócio em funcionamento | T45: Tinha uma placa que ilustrava o emola, as frutas bem organizadas na bandeja e frutas de qualidade.
A46: 4 | B46: 30/06/2026 | C46: Nacala-a-Porto | D46: Praca municipal | E46: Tairaha Domingos | F46: PRJ_0053 | G46: Fatima Henriques | H46: Feminino | I46: Mathapue1 | J46: Alim. perecível (revenda) | K46: Laranja | L46: 21 | M46: 21 | N46: =IFERROR(L46-M46,"") -> 0 | O46: =IFERROR(M46/L46,"") -> 1 | P46: 5 | Q46: =M46*P46 -> 105 | R46: Não | S46: Sim — negócio em funcionamento
A47: 6 | B47: 30/06/2026 | C47: Nacala-a-Porto | D47: Praca municipal | E47: Tairaha Domingos | F47: PRJ_0017 | G47: Amida Agostinho | H47: Feminino | I47: Mathapue1 | J47: Alim. perecível (revenda) | K47: Tomate | L47: 10 | M47: 4 | N47: =IFERROR(L47-M47,"") -> 6 | O47: =IFERROR(M47/L47,"") -> 0.4 | P47: 10 | Q47: =M47*P47 -> 40 | R47: Não | S47: Sim — negócio em funcionamento | T47: os produtos eram frescos e estavam bem organizados e os precos tambem eram acessiveis.
A48: 7 | B48: 30/06/2026 | C48: Nacala-a-Porto | D48: Praca municipal | E48: Tairaha Domingos | F48: PRJ_0017 | G48: Amida Agostinho | H48: Feminino | I48: Mathapue1 | J48: Alim. perecível (revenda) | K48: Cebola | L48: 35 | M48: 2 | N48: =IFERROR(L48-M48,"") -> 33 | O48: =IFERROR(M48/L48,"") -> 0.057142857 | P48: 5 | Q48: =M48*P48 -> 10 | R48: Não | S48: Sim — negócio em funcionamento
A49: 8 | B49: 30/06/2026 | C49: Nacala-a-Porto | D49: Praca municipal | E49: Tairaha Domingos | F49: PRJ_0017 | G49: Amida Agostinho | H49: Feminino | I49: Mathapue1 | J49: Alim. perecível (revenda) | K49: Pimento | L49: 35 | M49: 1 | N49: =IFERROR(L49-M49,"") -> 34 | O49: =IFERROR(M49/L49,"") -> 0.028571429 | P49: 5 | Q49: =M49*P49 -> 5 | R49: Não | S49: Sim — negócio em funcionamento
A50: 9 | B50: 30/06/2026 | C50: Nacala-a-Porto | D50: Praca municipal | E50: Tairaha Domingos | F50: PRJ_0017 | G50: Amida Agostinho | H50: Feminino | I50: Mathapue1 | J50: Alim. perecível (revenda) | K50: Coco | L50: 6 | M50: 3 | N50: =IFERROR(L50-M50,"") -> 3 | O50: =IFERROR(M50/L50,"") -> 0.5 | P50: 25 | Q50: =M50*P50 -> 75 | R50: Não | S50: Sim — negócio em funcionamento
A51: 10 | B51: 30/06/2026 | C51: Nacala-a-Porto | D51: Praca municipal | E51: Tairaha Domingos | F51: PRJ_0240 | G51: Elchama Maria Augusto | H51: Feminino | I51: Mathapue2 | J51: Artesanato | K51: Vasos artesanais | L51: 11 | M51: 0 | N51: =IFERROR(L51-M51,"") -> 11 | O51: =IFERROR(M51/L51,"") -> 0 | P51: 200 | Q51: =M51*P51 -> 0 | R51: Sim | S51: Sim — negócio em funcionamento | T51: Os vasos estavam organizados e bem apresentados.
A52: 11 | B52: 30/06/2026 | C52: Nacala-a-Porto | D52: Praca municipal | E52: Tairaha Domingos | F52: PRJ_0142 | G52: Zainabo Saide | H52: Feminino | I52: Mathapue2 | J52: Alim. perecível (revenda) | K52: Laranja | L52: 15 | M52: 10 | N52: =IFERROR(L52-M52,"") -> 5 | O52: =IFERROR(M52/L52,"") -> 0.66666667 | P52: 5 | Q52: =M52*P52 -> 50 | R52: Não | S52: Sim — negócio em funcionamento | T52: A bandeja das laranjas estava bem organizada e as os produtos aparentavam estar frescos.
A53: 12 | B53: 30/06/2026 | C53: Nacala-a-Porto | D53: Praca municipal | E53: Tairaha Domingos | F53: PRJ_0142 | G53: Zainabo Saide | H53: Feminino | I53: Mathapue2 | J53: Alim. perecível (revenda) | K53: Mandioca | L53: 20 | M53: 10 | N53: =IFERROR(L53-M53,"") -> 10 | O53: =IFERROR(M53/L53,"") -> 0.5 | P53: 15 | Q53: =M53*P53 -> 150 | R53: Não | S53: Sim — negócio em funcionamento
A54: 13 | B54: 30/06/2026 | C54: Nacala-a-Porto | D54: Praca Municipal | E54: Tairaha Domingos | F54: PRJ_0142 | G54: Zainabo Saide | H54: Feminino | I54: Mathapue2 | J54: Alim. perecível (revenda) | K54: Mandioca | L54: 10 | M54: 5 | N54: =IFERROR(L54-M54,"") -> 5 | O54: =IFERROR(M54/L54,"") -> 0.5 | P54: 10 | Q54: =M54*P54 -> 50 | R54: Não | S54: Sim — negócio em funcionamento
A55: 1 | B55: 30/06/2026 | C55: Nacala-Porto | D55: Praça dos Heróis | E55: Armando Roaneque | F55: PRJ_0316 | G55: Fatima Abudo | H55: Feminino | I55: Nauaia | J55: Perecível | K55: Mandioca fresca | L55: 50 | M55: 16 | N55: 34 | O55: 0.32 | P55: 10 | Q55: =M55*P55 -> 160 | R55: Sim | S55: Sim — negócio em funcionamento | T55: Mateve parceiras com produtores locais para fornecimento dos produtos: Mandioca, verduras, tomate.
A56: 2 | B56: 30/06/2026 | C56: Nacala-Porto | D56: Praça dos heróis | E56: Armando Roaneque | F56: PRJ_0323 | G56: Neusa Benedito | H56: Feminino | I56: Nauaia | J56: Perecível | K56: Laranja | L56: 56 | M56: 41 | N56: 15 | O56: 0.73 | P56: 5 | Q56: =M56*P56 -> 205 | R56: Sim | S56: Sim — novo produto/serviço | T56: Manteve parcerias com produtores e fornecedores locais para facilitar a aquisição dos produtos para revender.
A57: 3 | B57: 30/06/2026 | C57: Nacala-Porto | D57: Praça dos Heróis | E57: Armando Roaneque | F57: PRJ_0323 | G57: Neusa Benedito | H57: Feminino | I57: Nauaia | J57: Perecível | K57: Banana | L57: 33 | M57: 17 | N57: 16 | O57: 0.52 | P57: 5 | Q57: =M57*P57 -> 85 | R57: Sim | S57: Sim — novo produto/serviço | T57: Manteve parcerias com produtores e fornecedores locais para facilitar a aquisição dos produtos para revender.
A58: 4 | B58: 30/06/2026 | C58: Nacala-Porto | D58: Praça dos Heróis | E58: Armando Roaneque | F58: PRJ_0317 | G58: Telma Rafael | H58: Feminino | I58: Nauaia | J58: Perecível | K58: Bolinhos | L58: 60 | M58: 51 | N58: 9 | O58: 0.85 | P58: 5 | Q58: =M58*P58 -> 255 | R58: Sim | S58: Sim — negócio em funcionamento | T58: Fez registo da Cédula, vendas, e troca de experiências com outras vendedoras de bolinhos de outras comunidades.
A59: 5 | B59: 30/06/2026 | C59: Nacala-Porto | D59: Praça dos Heróis | E59: Armando Roaneque | F59: PRJ_0317 | G59: Mussa Rachide | H59: Masculino | I59: Nauaia | J59: Perecível | K59: Coco | L59: 24 | M59: 12 | N59: 12 | O59: 0.5 | P59: 20 | Q59: =M59*P59 -> 240 | R59: Sim | S59: Sim — negócio em funcionamento | T59: Mateve contacto com outros vendedores de diferentes produtos, troca de experiências com outras comunidades no âmbito dos negócios.
A60: 57 | N60: =IFERROR(L60-M60,"") -> 0 | O60: =IFERROR(M60/L60,"") | Q60: =IFERROR(M60*P60,"") -> 0
A61: 58 | N61: =IFERROR(L61-M61,"") -> 0 | O61: =IFERROR(M61/L61,"") | Q61: =IFERROR(M61*P61,"") -> 0
A62: 59 | N62: =IFERROR(L62-M62,"") -> 0 | O62: =IFERROR(M62/L62,"") | Q62: =IFERROR(M62*P62,"") -> 0
A63: 60 | N63: =IFERROR(L63-M63,"") -> 0 | O63: =IFERROR(M63/L63,"") | Q63: =IFERROR(M63*P63,"") -> 0
A64: 61 | N64: =IFERROR(L64-M64,"") -> 0 | O64: =IFERROR(M64/L64,"") | Q64: =IFERROR(M64*P64,"") -> 0
A65: 62 | N65: =IFERROR(L65-M65,"") -> 0 | O65: =IFERROR(M65/L65,"") | Q65: =IFERROR(M65*P65,"") -> 0
A66: 63 | N66: =IFERROR(L66-M66,"") -> 0 | O66: =IFERROR(M66/L66,"") | Q66: =IFERROR(M66*P66,"") -> 0
A67: 64 | N67: =IFERROR(L67-M67,"") -> 0 | O67: =IFERROR(M67/L67,"") | Q67: =IFERROR(M67*P67,"") -> 0
A68: 65 | N68: =IFERROR(L68-M68,"") -> 0 | O68: =IFERROR(M68/L68,"") | Q68: =IFERROR(M68*P68,"") -> 0
A69: 66 | N69: =IFERROR(L69-M69,"") -> 0 | O69: =IFERROR(M69/L69,"") | Q69: =IFERROR(M69*P69,"") -> 0
A70: 67 | N70: =IFERROR(L70-M70,"") -> 0 | O70: =IFERROR(M70/L70,"") | Q70: =IFERROR(M70*P70,"") -> 0
A71: 68 | N71: =IFERROR(L71-M71,"") -> 0 | O71: =IFERROR(M71/L71,"") | Q71: =IFERROR(M71*P71,"") -> 0
... A303: 300 | N303: =IFERROR(L303-M303,"") -> 0 | O303: =IFERROR(M303/L303,"") | Q303: =IFERROR(M303*P303,"") -> 0
A305: 🟢 Verde [auto] = calculado automaticamente 🟠 Laranja (col. R) = OUT3-01: Reinvestimento / novas ligações de mercado 🟡 Amarelo (col. S) = OUT1-01: Aplicação de habilidades no negócio A4-01 é alimentado pela contagem total de participantes e pelo registo desta ficha
A308: GUIA DE PREENCHIMENTO — CATEGORIA DO PRODUTO
A309: Categoria | B309: Definição | C309: Exemplos práticos | Q309: Como distinguir
A310: Alim. perecível (revenda) | B310: Alimentos que estragam rapidamente (dias) sem refrigeração. O participante comprou para revender. | C310: Peixe fresco, carne, verduras, legumes, fruta fresca, leite, refeições confeccionadas | Q310: O produto foi COMPRADO para revenda e deteriora em poucos dias
A311: Alim. não perecível (revenda) | B311: Alimentos processados ou secos que se conservam semanas/meses. O participante comprou para revender. | C311: Farinha, açúcar, arroz, óleo, feijão, sal, amendoim embalado, especiarias, enlatados | Q311: O produto foi COMPRADO para revenda e dura semanas ou meses
A312: Alim. confeccionado/ preparado | B312: Alimentos que foram transformados/cozinhados pelo/a participante. Pode ter comprado os ingredientes, mas o produto final é resultado da sua preparação. | C312: Refeições prontas (matapa, xima, frango grelhado), bolos e pão caseiro, amendoim torrado, fruta transformada (polpa, sumos), farinha de milho moída na própria machamba | Q312: O produto foi TRANSFORMADO/PREPARADO pelo/a participante — distingue-se do perecível (que é revendido sem transformação) e da produção própria (que é vendida em bruto)
A313: Produção própria / Machamba | B313: Produtos agrícolas em estado bruto, saídos directamente da machamba do/a participante. Produziu ele/a próprio/a. | C313: Milho em espiga, amendoim com casca, mandioca, batata-doce, tomate, cebola, feijão verde, amendoim fresco | Q313: O produto foi PRODUZIDO pelo/a participante na sua machamba — não foi comprado
A314: Vestuário | B314: Roupas, tecidos, acessórios de vestuário | C314: Capulanas, roupa usada, fatos, sapatos, bolsas | Q314: —
A315: Higiene e limpeza | B315: Produtos de higiene pessoal ou limpeza doméstica | C315: Sabão, detergente, champô, pasta de dentes, desinfectante | Q315: —
A316: Artesanato | B316: Produtos feitos à mão pelo/a participante | C316: Cestos, esteiras, cerâmica, bordados, objectos decorativos | Q316: O produto foi FABRICADO manualmente pelo/a participante
A317: Outro | B317: Qualquer produto que não se enquadre nas categorias acima | C317: Especificar nas observações | Q317: Usar a coluna Observações para descrever

Sheet Resumo_Feira
A1: PROJECTO FAZER PROSPERAR — RESUMO DA FEIRA COMUNITÁRIA
A2: Calculado automaticamente a partir de Registo_Feiras · Contribui para indicadores A4-01 · OUT1-01 · OUT3-01
A5: CONTRIBUIÇÃO PARA OS INDICADORES TOC — FAZER PROSPERAR
A6: Código | B6: Indicador TOC | C6: Nível TOC | D6: Como esta ficha contribui | E6: Valor calculado | F6: Meta | G6: Nota
A7: A4-01 | B7: 1 feira comunitária e evento de networking organizado | C7: Actividade | D7: Indica se a feira foi realizada: ✅ se existem registos de participantes, ⏳ se ainda não há registo. Número de participantes disponível na linha 14 do resumo. | E7: =IF(COUNTA(Registo_Feiras!F4:F303)>0,"✅ Realizada","⏳ Não registada") -> ✅ Realizada | F7: 1 evento / 350 part. | G7: Confirmar com relatório administrativo do evento
A8: OUT1-01 | B8: 50% dos participantes aplicam habilidades em actividades de geração de renda | C8: Outcome 1 | D8: % de participantes com evidência de aplicação de habilidades no negócio (col. S = 'Sim') | E8: =IFERROR((COUNTIF(Registo_Feiras!S4:S303,"Sim — negócio em funcionamento")+COUNTIF(Registo_Feiras!S4:S303,"Sim — novo produto/serviço"))/COUNTA(Registo_Feiras!F4:F303),"") -> 0.80357143 | F8: 50% (175 part.) | G8: Triangular com Ficha de Mentoria (estado do negócio) e Voz do Participante
A9: OUT3-01 | B9: 30% reinvestem rendimentos no negócio ou em oportunidades produtivas | C9: Outcome 3 | D9: % de participantes que estabeleceram novas ligações de mercado na feira (col. R = 'Sim') | E9: =IFERROR(COUNTIF(Registo_Feiras!R4:R303,"Sim")/COUNTA(Registo_Feiras!F4:F303),"") -> 0.625 | F9: 30% (105 part.) | G9: Proxy de reinvestimento — triangular com Ficha de Mentoria (stock e códigos DIV/GEST)
A11: TOTAIS GERAIS
A12: Indicador operacional | B12: Resultado | C12: Nota
A13: Total de linhas preenchidas (registos produto × participante) | B13: =COUNTA(Registo_Feiras!F4:F303) -> 56
A14: Total de participantes únicos na feira | B14: =SUMPRODUCT((Registo_Feiras!F4:F303<>"")/IF(COUNTIF(Registo_Feiras!F4:F303,Registo_Feiras!F4:F303)>0,COUNTIF(Registo_Feiras!F4:F303,Registo_Feiras!F4:F303),1)) -> 14 | C14: Conta ID únicos
A15: Participantes do sexo feminino | B15: =COUNTIF(Registo_Feiras!H4:H303,"Feminino") -> 40
A16: Participantes do sexo masculino | B16: =COUNTIF(Registo_Feiras!H4:H303,"Masculino") -> 16
A17: Valor total vendido na feira (MZN) | B17: =IFERROR(SUM(Registo_Feiras!Q4:Q303),0) -> 5943
A18: Quantidade total vendida (todas as categorias) | B18: =IFERROR(SUM(Registo_Feiras!M4:M303),0) -> 564
A19: % média de produto vendido por participante | B19: =IFERROR(AVERAGEIF(Registo_Feiras!O4:O303,">"&0),"") -> 0.54462185 | C19: Média da coluna % Vendido
A20: Participantes com novas ligações de mercado (OUT3-01) | B20: =COUNTIF(Registo_Feiras!R4:R303,"Sim") -> 35 | C20: Contribui para OUT3-01
A21: Participantes com evidência de aplicação de habilidades (OUT1-01) | B21: =COUNTIF(Registo_Feiras!S4:S303,"Sim — negócio em funcionamento")+COUNTIF(Registo_Feiras!S4:S303,"Sim — novo produto/serviço") -> 45 | C21: Contribui para OUT1-01
A23: LEGENDA: 🟡 OUT1-01 = Outcome 1 (Inclusão Económica — aplicação de habilidades) 🟠 OUT3-01 = Outcome 3 (Reinvestimento — novas ligações de mercado) 🔵 A4-01 = Actividade 4 (realização da feira)
