Workbook

Sheet Registo_Feiras
A1: Data_Feira | B1: Distrito | C1: Local_Feira | D1: Facilitador | E1: ID Participante | F1: Nome_Participante | G1: Sexo | H1: Comunidade | I1: Categoria_Produto | J1: Produto_Descrição | K1: Qtd_Inicial_Kg_Un | L1: Qtd_Vendida_Kg _Un | M1: Qtd_Não_Vendida | N1: % Vendido [auto] | O1: Preço / Un. (MZN) | P1: Valor_Total_Vendido_MZN | Q1: Estabeleceu_novos_contactos_ligações_de_mercado?_OUT3_01 | R1: Evidência de aplicação_de habilidades_no_negócio?_OUT1_01 | S1: Observações_Descrição_das_novas_oportunidades
A2: 24.06.2026 | B2: Monapo | C2: Monapo (Jardim Infantil/Tribuna) | D2: Sergio Namarrocolo | E2: PRJ_0472 | F2: Amisse Saide | G2: Masculino | H2: MESEREPANE | I2: Outro | J2: Venda de Galinhas | K2: 5 | L2: 5 | M2: =IFERROR(K2-L2,"") -> 0 | N2: =IFERROR(L2/K2,"") -> 1 | O2: 400 | P2: =IFERROR(L2*O2,"") -> 2000 | Q2: Sim | R2: Sim — negócio em funcionamento | S2: O negocio tem muita aderencia
A3: 24.06.2026 | B3: Monapo | C3: Monapo (Jardim Infantil/Tribuna) | D3: Sergio Namarrocolo | E3: PRJ_0472 | F3: Amisse Saide | G3: Masculino | H3: MESEREPANE | I3: Outro | J3: Venda de Galinhas | K3: 2 | L3: 2 | M3: =IFERROR(K3-L3,"") -> 0 | N3: =IFERROR(L3/K3,"") -> 1 | O3: 450 | P3: =IFERROR(L3*O3,"") -> 900 | Q3: Sim | R3: Sim — negócio em funcionamento | S3: O negocio tem muita aderencia
A4: 24.06.2026 | B4: Monapo | C4: Monapo (Jardim Infantil/Tribuna) | D4: Sergio Namarrocolo | E4: PRJ_0472 | F4: Amisse Saide | G4: Masculino | H4: MESEREPANE | I4: Outro | J4: Venda de Galinhas | K4: 1 | L4: 1 | M4: =IFERROR(K4-L4,"") -> 0 | N4: =IFERROR(L4/K4,"") -> 1 | O4: 330 | P4: =IFERROR(L4*O4,"") -> 330 | Q4: Sim | R4: Sim — negócio em funcionamento | S4: O negocio tem muita aderencia
A5: 24.06.2026 | B5: Monapo | C5: Monapo (Jardim Infantil/Tribuna) | D5: Sergio Namarrocolo | E5: PRJ_0487 | F5: Adelino Anacleto | G5: Masculino | H5: MESEREPANE | I5: Alim. não perecível (revenda) | J5: Doce de Amendoim | K5: 100 | L5: 15 | M5: =IFERROR(K5-L5,"") -> 85 | N5: =IFERROR(L5/K5,"") -> 0.15 | O5: 5 | P5: =IFERROR(L5*O5,"") -> 75 | Q5: Não | R5: Sim — novo produto/serviço | S5: ainda em fase de evolucao
A6: 24.06.2026 | B6: Monapo | C6: Monapo (Jardim Infantil/Tribuna) | D6: Sergio Namarrocolo | E6: PRJ_0533 | F6: Claudia Matano | G6: Feminino | H6: MESEREPANE | I6: Alim. não perecível (revenda) | J6: Bolinho (PUTO) | K6: 250 | L6: 30 | M6: =IFERROR(K6-L6,"") -> 220 | N6: =IFERROR(L6/K6,"") -> 0.12 | O6: 5 | P6: =IFERROR(L6*O6,"") -> 150 | Q6: Não | R6: Sim — novo produto/serviço | S6: ainda em fase de evolucao
A7: 24.06.2026 | B7: Monapo | C7: Monapo (Jardim Infantil/Tribuna) | D7: Sergio Namarrocolo | E7: PRJ_0341 | F7: Luisa Armando | G7: Feminino | H7: MESEREPANE | I7: Produção própria / Machamba | J7: Cana de Cucar | K7: 10 | L7: 10 | M7: =IFERROR(K7-L7,"") -> 0 | N7: =IFERROR(L7/K7,"") -> 1 | O7: 10 | P7: =IFERROR(L7*O7,"") -> 100 | Q7: Sim | R7: Sim — novo produto/serviço | S7: O negocio tem muita aderencia
A8: 24.06.2026 | B8: Monapo | C8: Monapo (Jardim Infantil/Tribuna) | D8: Otilia Antonio Passiel | E8: PRJ_0361 | F8: Alex Pinto Amade | G8: Masculino | H8: Topelane 2 | I8: Outro | J8: Agente de Moeda electronica | K8: 3000 | L8: 3000 | M8: =IFERROR(K8-L8,"") -> 0 | N8: =IFERROR(L8/K8,"") -> 1 | O8: 8 | P8: =IFERROR(L8*O8,"") -> 24000 | Q8: Não | R8: Sim — negócio em funcionamento | S8: O negocio tem muita aderencia
A9: 24.06.2026 | B9: Monapo | C9: monapo (Jardim Infantil/Tribuna) | D9: Otilia Antonio Passiel | E9: PRJ_0353 | F9: Arlinda Jacobe Bernardo | G9: Feminino | H9: Topelane 2 | I9: Alim. perecível (revenda) | J9: Repolho | K9: 10 | L9: 9 | M9: =IFERROR(K9-L9,"") -> 1 | N9: =IFERROR(L9/K9,"") -> 0.9 | O9: 20 | P9: =IFERROR(L9*O9,"") -> 180 | Q9: Não | R9: Sim — negócio em funcionamento | S9: O negocio tem muita aderencia
A10: 24.06.2026 | B10: Monapo | C10: monapo (Jardim Infantil/Tribuna) | D10: Otilia Antonio Passiel | E10: PRJ_0353 | F10: Arlinda Jacobe Bernardo | G10: Feminino | H10: Topelane 2 | I10: Alim. perecível (revenda) | J10: Pimento | K10: 20 | L10: 3 | M10: =IFERROR(K10-L10,"") -> 17 | N10: =IFERROR(L10/K10,"") -> 0.15 | O10: 5 | P10: =IFERROR(L10*O10,"") -> 15 | Q10: Não | R10: Sim — negócio em funcionamento
A11: 24.06.2026 | B11: Monapo | C11: monapo (Jardim Infantil/Tribuna) | D11: Otilia Antonio Passiel | E11: PRJ_0353 | F11: Arlinda Jacobe Bernardo | G11: Feminino | H11: Topelane 2 | I11: Alim. perecível (revenda) | J11: Tomate | K11: 40 | L11: 2 | M11: =IFERROR(K11-L11,"") -> 38 | N11: =IFERROR(L11/K11,"") -> 0.05 | O11: 5 | P11: =IFERROR(L11*O11,"") -> 10 | Q11: Sim | R11: Sim — negócio em funcionamento
A12: 24.06.2026 | B12: Monapo | C12: monapo (Jardim Infantil/Tribuna) | D12: Otilia Antonio Passiel | E12: PRJ_0353 | F12: Arlinda Jacobe Bernardo | G12: Feminino | H12: Topelane 2 | I12: Alim. não perecível (revenda) | J12: Nicuse | K12: 10 | L12: 3 | M12: =IFERROR(K12-L12,"") -> 7 | N12: =IFERROR(L12/K12,"") -> 0.3 | O12: 20 | P12: =IFERROR(L12*O12,"") -> 60 | Q12: Não | R12: Sim — negócio em funcionamento
A13: 24.06.2026 | B13: Monapo | C13: monapo (Jardim Infantil/Tribuna) | D13: Otilia Antonio Passiel | E13: PRJ_0353 | F13: Arlinda Jacobe Bernardo | G13: Feminino | H13: Topelane 2 | I13: Alim. não perecível (revenda) | J13: Coco | K13: 10 | L13: 2 | M13: =IFERROR(K13-L13,"") -> 8 | N13: =IFERROR(L13/K13,"") -> 0.2 | O13: 20 | P13: =IFERROR(L13*O13,"") -> 40 | Q13: Não | R13: Sim — negócio em funcionamento
A14: 24.06.2026 | B14: Monapo | C14: monapo (Jardim Infantil/Tribuna) | D14: Otilia Antonio Passiel | E14: PRJ_0353 | F14: Arlinda Jacobe Bernardo | G14: Feminino | H14: Topelane 2 | I14: Alim. perecível (revenda) | J14: Limao | K14: 40 | L14: 12 | M14: =IFERROR(K14-L14,"") -> 28 | N14: =IFERROR(L14/K14,"") -> 0.3 | O14: 5 | P14: =IFERROR(L14*O14,"") -> 60 | Q14: Não | R14: Sim — negócio em funcionamento
A15: 24.06.2026 | B15: Monapo | C15: monapo (Jardim Infantil/Tribuna) | D15: Otilia Antonio Passiel | E15: PRJ_0353 | F15: Arlinda Jacobe Bernardo | G15: Feminino | H15: Topelane 2 | I15: Alim. não perecível (revenda) | J15: Cebola | K15: 40 | L15: 40 | M15: =IFERROR(K15-L15,"") -> 0 | N15: =IFERROR(L15/K15,"") -> 1 | O15: 5 | P15: =IFERROR(L15*O15,"") -> 200 | Q15: Não | R15: Sim — negócio em funcionamento
A16: 24.06.2026 | B16: Monapo | C16: monapo (Jardim Infantil/Tribuna) | D16: Otilia Antonio Passiel | E16: PRJ_0353 | F16: Arlinda Jacobe Bernardo | G16: Feminino | H16: Topelane 2 | I16: Alim. não perecível (revenda) | J16: Massa tomate | K16: 50 | L16: 0 | M16: =IFERROR(K16-L16,"") -> 50 | N16: =IFERROR(L16/K16,"") -> 0 | O16: 15 | P16: =IFERROR(L16*O16,"") -> 0 | Q16: Não | R16: Sim — negócio em funcionamento
A17: 24.06.2026 | B17: Monapo | C17: monapo (Jardim Infantil/Tribuna) | D17: Otilia Antonio Passiel | E17: PRJ_0353 | F17: Arlinda Jacobe Bernardo | G17: Feminino | H17: Topelane 2 | I17: Alim. não perecível (revenda) | J17: Caldo | K17: 60 | L17: 0 | M17: =IFERROR(K17-L17,"") -> 60 | N17: =IFERROR(L17/K17,"") -> 0 | O17: 6 | P17: =IFERROR(L17*O17,"") -> 0 | Q17: Não | R17: Sim — negócio em funcionamento
A18: 24.06.2026 | B18: Monapo | C18: monapo (Jardim Infantil/Tribuna) | D18: Costa Marques | E18: PRJ_0583 | F18: Catia Caitano | G18: Feminino | H18: Topelane 2 | I18: Vestuário | J18: Camiseta | K18: 5 | L18: 1 | M18: =IFERROR(K18-L18,"") -> 4 | N18: =IFERROR(L18/K18,"") -> 0.2 | O18: 600 | P18: =IFERROR(L18*O18,"") -> 600 | Q18: Não | R18: Sim — negócio em funcionamento
A19: 24.06.2026 | B19: Monapo | C19: monapo (Jardim Infantil/Tribuna) | D19: Costa Marques | E19: PRJ_0583 | F19: Catia Caitano | G19: Feminino | H19: Topelane 2 | I19: Vestuário | J19: Vestidos | K19: 10 | L19: 0 | M19: =IFERROR(K19-L19,"") -> 10 | N19: =IFERROR(L19/K19,"") -> 0 | O19: 1200 | P19: =IFERROR(L19*O19,"") -> 0 | Q19: Não | R19: Sim — negócio em funcionamento
A20: 24.06.2026 | B20: Monapo | C20: monapo (Jardim Infantil/Tribuna) | D20: Costa Marques | E20: PRJ_0583 | F20: Catia Caitano | G20: Feminino | H20: Topelane 2 | I20: Vestuário | J20: Blusas | K20: 10 | L20: 2 | M20: =IFERROR(K20-L20,"") -> 8 | N20: =IFERROR(L20/K20,"") -> 0.2 | O20: 700 | P20: =IFERROR(L20*O20,"") -> 1400 | Q20: Não | R20: Sim — negócio em funcionamento
A21: 24.06.2026 | B21: Monapo | C21: monapo (Jardim Infantil/Tribuna) | D21: Costa Marques | E21: PRJ_0583 | F21: Catia Caitano | G21: Feminino | H21: Topelane 2 | I21: Outro | J21: Perfumes | K21: 3 | L21: 1 | M21: =IFERROR(K21-L21,"") -> 2 | N21: =IFERROR(L21/K21,"") -> 0.33333333 | O21: 400 | P21: =IFERROR(L21*O21,"") -> 400 | Q21: Sim | R21: Sim — negócio em funcionamento
... A55: 24.06.2026 | B55: Monapo | C55: monapo (Jardim Infantil/Tribuna) | D55: Otilia Antonio Passiel | E55: PRJ_0406 | F55: Lina Fernando | G55: Feminino | H55: Micolene | I55: Alim. confeccionado/preparado | J55: Bolinho Frito | K55: 400 | L55: 11 | M55: =IFERROR(K55-L55,"") -> 389 | N55: =IFERROR(L55/K55,"") -> 0.0275 | O55: 5 | P55: =IFERROR(L55*O55,"") -> 55 | Q55: Não | R55: Sim — negócio em funcionamento
A56: 46197 | B56: Monapo | C56: monapo (Jardim Infantil/Tribuna) | D56: Zito Josias | E56: PRJ_0366 | F56: Tauancha Joao Carlos | G56: Masculino | H56: Monapo Rio | I56: Outro | J56: Fogao de 1 boca | K56: 2 | L56: 1 | M56: =IFERROR(K56-L56,"") -> 1 | N56: =IFERROR(L56/K56,"") -> 0.5 | O56: 300 | P56: =IFERROR(L56*O56,"") -> 300 | Q56: Sim | R56: Sim — negócio em funcionamento | S56: Outros ficaram de encomendar de acordo com as suas preferências
A57: 46197 | B57: Monapo | C57: monapo (Jardim Infantil/Tribuna) | D57: Zito Josias | E57: PRJ_0366 | F57: Tauancha Joao Carlos | G57: Masculino | H57: Monapo Rio | I57: Outro | J57: Fogao de 2 bocas | K57: 1 | L57: 0 | M57: =IFERROR(K57-L57,"") -> 1 | N57: =IFERROR(L57/K57,"") -> 0 | O57: 700 | P57: =IFERROR(L57*O57,"") -> 0 | Q57: Sim | R57: Sim — negócio em funcionamento | S57: Outros ficaram de encomendar de acordo com as suas preferências
A58: 46197 | B58: Monapo | C58: monapo (Jardim Infantil/Tribuna) | D58: Zito Josias | E58: PRJ_0626 | F58: Lucinda Mendes Martins | G58: Feminino | H58: Monapo Rio | I58: Alim. confeccionado/preparado | J58: Bolinhos | K58: 80 | L58: 22 | M58: =IFERROR(K58-L58,"") -> 58 | N58: =IFERROR(L58/K58,"") -> 0.275 | O58: 5 | P58: =IFERROR(L58*O58,"") -> 110 | Q58: Não | R58: Sim — negócio em funcionamento
A59: 46197 | B59: Monapo | C59: monapo (Jardim Infantil/Tribuna) | D59: Zito Josias | E59: PRJ_0356 | F59: Tercia Saraiva Omar | G59: Feminino | H59: Monapo Rio | I59: Outro | J59: Vela | K59: 10 | L59: 1 | M59: =IFERROR(K59-L59,"") -> 9 | N59: =IFERROR(L59/K59,"") -> 0.1 | O59: 50 | P59: =IFERROR(L59*O59,"") -> 50 | Q59: Não | R59: Sim — negócio em funcionamento
A60: 46197 | B60: Monapo | C60: monapo (Jardim Infantil/Tribuna) | D60: Zito Josias | E60: PRJ_0356 | F60: Tercia Saraiva Omar | G60: Feminino | H60: Monapo Rio | I60: Outro | J60: Correntinha | K60: 3 | L60: 0 | M60: =IFERROR(K60-L60,"") -> 3 | N60: =IFERROR(L60/K60,"") -> 0 | O60: 50 | P60: =IFERROR(L60*O60,"") -> 0 | Q60: Não | R60: Sim — negócio em funcionamento
A61: 46197 | B61: Monapo | C61: monapo (Jardim Infantil/Tribuna) | D61: Zito Josias | E61: PRJ_0356 | F61: Tercia Saraiva Omar | G61: Feminino | H61: Monapo Rio | I61: Outro | J61: Gosolina | K61: 1 | L61: 0 | M61: =IFERROR(K61-L61,"") -> 1 | N61: =IFERROR(L61/K61,"") -> 0 | O61: 200 | P61: =IFERROR(L61*O61,"") -> 0 | Q61: Não | R61: Sim — negócio em funcionamento
A62: 46197 | B62: Monapo | C62: monapo (Jardim Infantil/Tribuna) | D62: Zito Josias | E62: PRJ_0356 | F62: Tercia Saraiva Omar | G62: Feminino | H62: Monapo Rio | I62: Outro | J62: Vedante | K62: 4 | L62: 1 | M62: =IFERROR(K62-L62,"") -> 3 | N62: =IFERROR(L62/K62,"") -> 0.25 | O62: 50 | P62: =IFERROR(L62*O62,"") -> 50 | Q62: Sim | R62: Sim — negócio em funcionamento
A63: 46197 | B63: Monapo | C63: monapo (Jardim Infantil/Tribuna) | D63: Zito Josias | E63: PRJ_0356 | F63: Tercia Saraiva Omar | G63: Feminino | H63: Monapo Rio | I63: Outro | J63: Rolamento | K63: 3 | L63: 0 | M63: =IFERROR(K63-L63,"") -> 3 | N63: =IFERROR(L63/K63,"") -> 0 | O63: 50 | P63: =IFERROR(L63*O63,"") -> 0 | Q63: Não | R63: Sim — negócio em funcionamento
A64: 46197 | B64: Monapo | C64: monapo (Jardim Infantil/Tribuna) | D64: Zito Josias | E64: PRJ_0356 | F64: Tercia Saraiva Omar | G64: Feminino | H64: Monapo Rio | I64: Outro | J64: Valvulas | K64: 3 | L64: 0 | M64: =IFERROR(K64-L64,"") -> 3 | N64: =IFERROR(L64/K64,"") -> 0 | O64: 100 | P64: =IFERROR(L64*O64,"") -> 0 | Q64: Não | R64: Sim — negócio em funcionamento

Sheet Resumo_Feira
A1: PROJECTO FAZER PROSPERAR — RESUMO DA FEIRA COMUNITÁRIA
A2: Calculado automaticamente a partir de Registo_Feiras · Contribui para indicadores A4-01 · OUT1-01 · OUT3-01
A5: CONTRIBUIÇÃO PARA OS INDICADORES TOC — FAZER PROSPERAR
A6: Código | B6: Indicador TOC | C6: Nível TOC | D6: Como esta ficha contribui | E6: Valor calculado | F6: Meta | G6: Nota
A7: A4-01 | B7: 1 feira comunitária e evento de networking organizado | C7: Actividade | D7: Indica se a feira foi realizada: ✅ se existem registos de participantes, ⏳ se ainda não há registo. Número de participantes disponível na linha 14 do resumo. | E7: =IF(COUNTA(Registo_Feiras!E2:E64)>0,"✅ Realizada","⏳ Não registada") -> ✅ Realizada | F7: 1 evento / 350 part. | G7: Confirmar com relatório administrativo do evento
A8: OUT1-01 | B8: 50% dos participantes aplicam habilidades em actividades de geração de renda | C8: Outcome 1 | D8: % de participantes com evidência de aplicação de habilidades no negócio (col. S = 'Sim') | E8: =IFERROR((COUNTIF(Registo_Feiras!R2:R64,"Sim — negócio em funcionamento")+COUNTIF(Registo_Feiras!R2:R64,"Sim — novo produto/serviço"))/COUNTA(Registo_Feiras!E2:E64),"") -> 1 | F8: 50% (175 part.) | G8: Triangular com Ficha de Mentoria (estado do negócio) e Voz do Participante
A9: OUT3-01 | B9: 30% reinvestem rendimentos no negócio ou em oportunidades produtivas | C9: Outcome 3 | D9: % de participantes que estabeleceram novas ligações de mercado na feira (col. R = 'Sim') | E9: =IFERROR(COUNTIF(Registo_Feiras!Q2:Q64,"Sim")/COUNTA(Registo_Feiras!E2:E64),"") -> 0.14285714 | F9: 30% (105 part.) | G9: Proxy de reinvestimento — triangular com Ficha de Mentoria (stock e códigos DIV/GEST)
A11: TOTAIS GERAIS
A12: Indicador operacional | B12: Resultado | C12: Nota
A13: Total de linhas preenchidas (registos produto × participante) | B13: =COUNTA(Registo_Feiras!E2:E64) -> 63
A14: Total de participantes únicos na feira | B14: =SUMPRODUCT((Registo_Feiras!E2:E64<>"")/IF(COUNTIF(Registo_Feiras!E2:E64,Registo_Feiras!E2:E64)>0,COUNTIF(Registo_Feiras!E2:E64,Registo_Feiras!E2:E64),1)) -> 7 | C14: Conta ID únicos
A15: Participantes do sexo feminino | B15: =COUNTIF(Registo_Feiras!G2:G64,"Feminino") -> 40
A16: Participantes do sexo masculino | B16: =COUNTIF(Registo_Feiras!G2:G64,"Masculino") -> 23
A17: Valor total vendido na feira (MZN) | B17: =IFERROR(SUM(Registo_Feiras!P2:P64),0) -> 41961
A18: Quantidade total vendida (todas as categorias) | B18: =IFERROR(SUM(Registo_Feiras!L2:L64),0) -> 3804
A19: % média de produto vendido por participante | B19: =IFERROR(AVERAGEIF(Registo_Feiras!N2:N64,">"&0),"") -> 0.43435173 | C19: Média da coluna % Vendido
A20: Participantes com novas ligações de mercado (OUT3-01) | B20: =COUNTIF(Registo_Feiras!Q2:Q64,"Sim") -> 9 | C20: Contribui para OUT3-01
A21: Participantes com evidência de aplicação de habilidades (OUT1-01) | B21: =COUNTIF(Registo_Feiras!R2:R64,"Sim — negócio em funcionamento")+COUNTIF(Registo_Feiras!R2:R64,"Sim — novo produto/serviço") -> 63 | C21: Contribui para OUT1-01
A23: LEGENDA: 🟡 OUT1-01 = Outcome 1 (Inclusão Económica — aplicação de habilidades) 🟠 OUT3-01 = Outcome 3 (Reinvestimento — novas ligações de mercado) 🔵 A4-01 = Actividade 4 (realização da feira)
